INSERT INTO `tbl_organization` (`id`, `code`, `name`, `leader_name`, `leader_code`, `leader_title`, `location`)
VALUES
	(2008628921432, 'WFH', 'Work From Home', NULL, NULL, NULL, NULL);


INSERT INTO `tbl_organization_position` (`organization_id`, `position_id`)
VALUES
	(2008628921432, 1),
	(2008628921432, 2),
	(2008628921432, 7),
	(2008628921432, 8);


INSERT INTO `tbl_oauth_role` (`id`, `name`, `organizations`)
VALUES
	(2006, 'ROLE_DIREKTUR', '_ALL_');

INSERT INTO `tbl_position` (`position_id`, `name_position`, `description`, `date_added`, `user_added`, `date_modified`, `user_modified`, `date_deleted`, `user_deleted`)
VALUES
	(8, 'Direktur', 'Direktur Jenderal / Insepktur', NULL, NULL, NULL, NULL, NULL, NULL);


INSERT INTO `tbl_oauth_position_role` (`position_id`, `role_id`)
VALUES
	(8, 1001),
	(8, 2006);



INSERT INTO `tbl_oauth_user` (`id`, `username`, `password`, `email`, `first_name`, `last_name`, `mobile_phone`, `gender`, `birth_date`, `picture`, `enabled`, `account_non_expired`, `credentials_non_expired`, `account_non_locked`)
VALUES
	(1000001, '196103311986031002', '$2a$10$FCvfWZPogiNsaI9FblZaYuCm9.HFtHr3X0.Z3VIKuHTskUdaCr7xy', NULL, '', 'Dr. Ir. Murdiyono, M.M.', NULL, 'M', NULL, NULL, 1, 1, 1, 1),
	(1000002, '196308231988031004', '$2a$10$FCvfWZPogiNsaI9FblZaYuCm9.HFtHr3X0.Z3VIKuHTskUdaCr7xy', NULL, '', 'Ir. Bugi Sulaeman, M.M.', NULL, 'M', NULL, NULL, 1, 1, 1, 1),
	(1000003, '197810152005011004', '$2a$10$FCvfWZPogiNsaI9FblZaYuCm9.HFtHr3X0.Z3VIKuHTskUdaCr7xy', NULL, '', 'Widodo, S.Hut., M.Si.', NULL, 'M', NULL, NULL, 1, 1, 1, 1),
	(1000004, '198504022010121006', '$2a$10$FCvfWZPogiNsaI9FblZaYuCm9.HFtHr3X0.Z3VIKuHTskUdaCr7xy', NULL, '', 'M. Khaikal Dianda, A.Md.', NULL, 'M', NULL, NULL, 1, 1, 1, 1),
	(1000005, '198507092010121003', '$2a$10$FCvfWZPogiNsaI9FblZaYuCm9.HFtHr3X0.Z3VIKuHTskUdaCr7xy', NULL, '', 'Seto Agung Wibisono, S.E.', NULL, 'M', NULL, NULL, 1, 1, 1, 1),
	(1000006, '196707211989032001', '$2a$10$FCvfWZPogiNsaI9FblZaYuCm9.HFtHr3X0.Z3VIKuHTskUdaCr7xy', NULL, '', 'Lamariena Yulini', NULL, 'M', NULL, NULL, 1, 1, 1, 1),
	(1000007, '198712052009121004', '$2a$10$FCvfWZPogiNsaI9FblZaYuCm9.HFtHr3X0.Z3VIKuHTskUdaCr7xy', NULL, '', 'Didik Triwibowo, S.Kom.', NULL, 'M', NULL, NULL, 1, 1, 1, 1),
	(1000008, '3674035710880006', '$2a$10$FCvfWZPogiNsaI9FblZaYuCm9.HFtHr3X0.Z3VIKuHTskUdaCr7xy', NULL, '', 'Cahaya Prihastanti, S.E.', NULL, 'M', NULL, NULL, 1, 1, 1, 1),
	(1000009, '3171051604890003', '$2a$10$FCvfWZPogiNsaI9FblZaYuCm9.HFtHr3X0.Z3VIKuHTskUdaCr7xy', NULL, '', 'Rachmat Santoso', NULL, 'M', NULL, NULL, 1, 1, 1, 1),
	(1000010, '197809242009112002', '$2a$10$FCvfWZPogiNsaI9FblZaYuCm9.HFtHr3X0.Z3VIKuHTskUdaCr7xy', NULL, '', 'Ferianingsih, S.E., M.Pd.', NULL, 'M', NULL, NULL, 1, 1, 1, 1),
	(1000011, '198701102009121006', '$2a$10$FCvfWZPogiNsaI9FblZaYuCm9.HFtHr3X0.Z3VIKuHTskUdaCr7xy', NULL, '', 'Romi Putra, S.Kom.', NULL, 'M', NULL, NULL, 1, 1, 1, 1),
	(1000012, '198703172010121007', '$2a$10$FCvfWZPogiNsaI9FblZaYuCm9.HFtHr3X0.Z3VIKuHTskUdaCr7xy', NULL, '', 'Amri Luthfie, S.Hut.', NULL, 'M', NULL, NULL, 1, 1, 1, 1),
	(1000013, '198508022009122004', '$2a$10$FCvfWZPogiNsaI9FblZaYuCm9.HFtHr3X0.Z3VIKuHTskUdaCr7xy', NULL, '', 'Ninik Nur Wijayanti, S.Hut.', NULL, 'M', NULL, NULL, 1, 1, 1, 1),
	(1000014, '3271064711930002', '$2a$10$FCvfWZPogiNsaI9FblZaYuCm9.HFtHr3X0.Z3VIKuHTskUdaCr7xy', NULL, '', 'Ovi Noviana, S.Hut', NULL, 'M', NULL, NULL, 1, 1, 1, 1),
	(1000015, '196810161994031002', '$2a$10$FCvfWZPogiNsaI9FblZaYuCm9.HFtHr3X0.Z3VIKuHTskUdaCr7xy', NULL, '', 'Hamdan Syukri Batubara, S.Kom.,M.Si', NULL, 'M', NULL, NULL, 1, 1, 1, 1),
	(1000016, '196603281989012001', '$2a$10$FCvfWZPogiNsaI9FblZaYuCm9.HFtHr3X0.Z3VIKuHTskUdaCr7xy', NULL, '', 'Dra. Bertha Erna, M.M.', NULL, 'M', NULL, NULL, 1, 1, 1, 1),
	(1000017, '197410301999032001', '$2a$10$FCvfWZPogiNsaI9FblZaYuCm9.HFtHr3X0.Z3VIKuHTskUdaCr7xy', NULL, '', 'Anita Eka Putri, S.Pi.', NULL, 'M', NULL, NULL, 1, 1, 1, 1),
	(1000018, '198708182009122004', '$2a$10$FCvfWZPogiNsaI9FblZaYuCm9.HFtHr3X0.Z3VIKuHTskUdaCr7xy', NULL, '', 'Widya Aninditya, S.H.', NULL, 'M', NULL, NULL, 1, 1, 1, 1),
	(1000019, '198312252009121005', '$2a$10$FCvfWZPogiNsaI9FblZaYuCm9.HFtHr3X0.Z3VIKuHTskUdaCr7xy', NULL, '', 'Destrianto Yudo, S.H.', NULL, 'M', NULL, NULL, 1, 1, 1, 1),
	(1000020, '198309092006042003', '$2a$10$FCvfWZPogiNsaI9FblZaYuCm9.HFtHr3X0.Z3VIKuHTskUdaCr7xy', NULL, '', 'Weni Anita, S.Kom.', NULL, 'M', NULL, NULL, 1, 1, 1, 1),
	(1000021, '3276024109930001', '$2a$10$FCvfWZPogiNsaI9FblZaYuCm9.HFtHr3X0.Z3VIKuHTskUdaCr7xy', NULL, '', 'Shindy Haquesta, S.Hut.', NULL, 'M', NULL, NULL, 1, 1, 1, 1),
	(1000022, '198102162005011004', '$2a$10$FCvfWZPogiNsaI9FblZaYuCm9.HFtHr3X0.Z3VIKuHTskUdaCr7xy', NULL, '', 'Saptri Djoko Hariyanto Aribowo, S.Kom., M.M.', NULL, 'M', NULL, NULL, 1, 1, 1, 1),
	(1000023, '198211082008012012', '$2a$10$FCvfWZPogiNsaI9FblZaYuCm9.HFtHr3X0.Z3VIKuHTskUdaCr7xy', NULL, '', 'Noorahmi Pradapti Mardyorini, S.E.', NULL, 'M', NULL, NULL, 1, 1, 1, 1),
	(1000024, '198307092009012006', '$2a$10$FCvfWZPogiNsaI9FblZaYuCm9.HFtHr3X0.Z3VIKuHTskUdaCr7xy', NULL, '', 'Wira Fitria, S.Hut.', NULL, 'M', NULL, NULL, 1, 1, 1, 1),
	(1000025, '198206292000121002', '$2a$10$FCvfWZPogiNsaI9FblZaYuCm9.HFtHr3X0.Z3VIKuHTskUdaCr7xy', NULL, '', 'Samuel Romulo Simanjuntak, S.Hut.,M.Si', NULL, 'M', NULL, NULL, 1, 1, 1, 1),
	(1000026, '198302102010121002', '$2a$10$FCvfWZPogiNsaI9FblZaYuCm9.HFtHr3X0.Z3VIKuHTskUdaCr7xy', NULL, '', 'Agus Dian Sopian, S.Hut.', NULL, 'M', NULL, NULL, 1, 1, 1, 1),
	(1000027, '198610112014022003', '$2a$10$FCvfWZPogiNsaI9FblZaYuCm9.HFtHr3X0.Z3VIKuHTskUdaCr7xy', NULL, '', 'Salwa Amira, S.Hut.', NULL, 'M', NULL, NULL, 1, 1, 1, 1),
	(1000028, '196304071989031004', '$2a$10$FCvfWZPogiNsaI9FblZaYuCm9.HFtHr3X0.Z3VIKuHTskUdaCr7xy', NULL, '', 'Ir. Isbin Basuki, M.M.', NULL, 'M', NULL, NULL, 1, 1, 1, 1),
	(1000029, '197708122005012008', '$2a$10$FCvfWZPogiNsaI9FblZaYuCm9.HFtHr3X0.Z3VIKuHTskUdaCr7xy', NULL, '', 'Winda, S.Hut.', NULL, 'M', NULL, NULL, 1, 1, 1, 1),
	(1000030, '197511122000032002', '$2a$10$FCvfWZPogiNsaI9FblZaYuCm9.HFtHr3X0.Z3VIKuHTskUdaCr7xy', NULL, '', 'Atik Saraswati, S.Hut., M.Si', NULL, 'M', NULL, NULL, 1, 1, 1, 1),
	(1000031, '198710292009122004', '$2a$10$FCvfWZPogiNsaI9FblZaYuCm9.HFtHr3X0.Z3VIKuHTskUdaCr7xy', NULL, '', 'Vika Triestyana, S.H.', NULL, 'M', NULL, NULL, 1, 1, 1, 1),
	(1000032, '196306031989012001', '$2a$10$FCvfWZPogiNsaI9FblZaYuCm9.HFtHr3X0.Z3VIKuHTskUdaCr7xy', NULL, '', 'Siti Dewi Muninggar', NULL, 'M', NULL, NULL, 1, 1, 1, 1),
	(1000033, '196411131989031001', '$2a$10$FCvfWZPogiNsaI9FblZaYuCm9.HFtHr3X0.Z3VIKuHTskUdaCr7xy', NULL, '', 'Alfansyah', NULL, 'M', NULL, NULL, 1, 1, 1, 1),
	(1000034, '198603262009121004', '$2a$10$FCvfWZPogiNsaI9FblZaYuCm9.HFtHr3X0.Z3VIKuHTskUdaCr7xy', NULL, '', 'Dian Prastiyo, A.Md.', NULL, 'M', NULL, NULL, 1, 1, 1, 1),
	(1000035, '3175097110880005', '$2a$10$FCvfWZPogiNsaI9FblZaYuCm9.HFtHr3X0.Z3VIKuHTskUdaCr7xy', NULL, '', 'Vita Octaviani, S.Pd', NULL, 'M', NULL, NULL, 1, 1, 1, 1),
	(1000036, '197601102001122002', '$2a$10$FCvfWZPogiNsaI9FblZaYuCm9.HFtHr3X0.Z3VIKuHTskUdaCr7xy', NULL, '', 'Rieny Marlia, S.Hut., M.Si.', NULL, 'M', NULL, NULL, 1, 1, 1, 1),
	(1000037, '197008242005012007', '$2a$10$FCvfWZPogiNsaI9FblZaYuCm9.HFtHr3X0.Z3VIKuHTskUdaCr7xy', NULL, '', 'Mastaria Panjaitan, S.Hut., M.P.', NULL, 'M', NULL, NULL, 1, 1, 1, 1),
	(1000038, '197702282001122001', '$2a$10$FCvfWZPogiNsaI9FblZaYuCm9.HFtHr3X0.Z3VIKuHTskUdaCr7xy', NULL, '', 'Siska Terasera Hastanti, S.E., M.M.', NULL, 'M', NULL, NULL, 1, 1, 1, 1),
	(1000039, '198109262005012022', '$2a$10$FCvfWZPogiNsaI9FblZaYuCm9.HFtHr3X0.Z3VIKuHTskUdaCr7xy', NULL, '', 'Farah Fuji Hardini, S.Hut., M.Ak.', NULL, 'M', NULL, NULL, 1, 1, 1, 1),
	(1000040, '197503102007012001', '$2a$10$FCvfWZPogiNsaI9FblZaYuCm9.HFtHr3X0.Z3VIKuHTskUdaCr7xy', NULL, '', 'R. Nenden Nuraeni, S.Sos.', NULL, 'M', NULL, NULL, 1, 1, 1, 1),
	(1000041, '196907201991031003', '$2a$10$FCvfWZPogiNsaI9FblZaYuCm9.HFtHr3X0.Z3VIKuHTskUdaCr7xy', NULL, '', 'Marjoko, S.Sos., M.Hum.', NULL, 'M', NULL, NULL, 1, 1, 1, 1),
	(1000042, '196609081987032001', '$2a$10$FCvfWZPogiNsaI9FblZaYuCm9.HFtHr3X0.Z3VIKuHTskUdaCr7xy', NULL, '', 'Rini Pudji Rahayu', NULL, 'M', NULL, NULL, 1, 1, 1, 1),
	(1000043, '196808071994032001', '$2a$10$FCvfWZPogiNsaI9FblZaYuCm9.HFtHr3X0.Z3VIKuHTskUdaCr7xy', NULL, '', 'Fauzianti, S.E.', NULL, 'M', NULL, NULL, 1, 1, 1, 1),
	(1000044, '198508272009121006', '$2a$10$FCvfWZPogiNsaI9FblZaYuCm9.HFtHr3X0.Z3VIKuHTskUdaCr7xy', NULL, '', 'Agus Triono, A.Md.', NULL, 'M', NULL, NULL, 1, 1, 1, 1),
	(1000045, '198506172009121004', '$2a$10$FCvfWZPogiNsaI9FblZaYuCm9.HFtHr3X0.Z3VIKuHTskUdaCr7xy', NULL, '', 'Eka Surya Firmansyah, A.Md.', NULL, 'M', NULL, NULL, 1, 1, 1, 1),
	(1000046, '196810091994032003', '$2a$10$FCvfWZPogiNsaI9FblZaYuCm9.HFtHr3X0.Z3VIKuHTskUdaCr7xy', NULL, '', 'Nurul Huda, A.Md.', NULL, 'M', NULL, NULL, 1, 1, 1, 1),
	(1000047, '198411252009121004', '$2a$10$FCvfWZPogiNsaI9FblZaYuCm9.HFtHr3X0.Z3VIKuHTskUdaCr7xy', NULL, '', 'Novan Widianto, S.E.', NULL, 'M', NULL, NULL, 1, 1, 1, 1),
	(1000048, '196305191985012001', '$2a$10$FCvfWZPogiNsaI9FblZaYuCm9.HFtHr3X0.Z3VIKuHTskUdaCr7xy', NULL, '', 'Sudarni', NULL, 'M', NULL, NULL, 1, 1, 1, 1),
	(1000049, '196311041987032002', '$2a$10$FCvfWZPogiNsaI9FblZaYuCm9.HFtHr3X0.Z3VIKuHTskUdaCr7xy', NULL, '', 'Musanah', NULL, 'M', NULL, NULL, 1, 1, 1, 1),
	(1000050, '196409111989031005', '$2a$10$FCvfWZPogiNsaI9FblZaYuCm9.HFtHr3X0.Z3VIKuHTskUdaCr7xy', NULL, '', 'Timbul', NULL, 'M', NULL, NULL, 1, 1, 1, 1),
	(1000051, '199011252015022004', '$2a$10$FCvfWZPogiNsaI9FblZaYuCm9.HFtHr3X0.Z3VIKuHTskUdaCr7xy', NULL, '', 'Ludhfiana Rahayu Novia Sari, S.E.', NULL, 'M', NULL, NULL, 1, 1, 1, 1),
	(1000052, '197405042008121003', '$2a$10$FCvfWZPogiNsaI9FblZaYuCm9.HFtHr3X0.Z3VIKuHTskUdaCr7xy', NULL, '', 'Sumpono', NULL, 'M', NULL, NULL, 1, 1, 1, 1),
	(1000053, '197508062008111001', '$2a$10$FCvfWZPogiNsaI9FblZaYuCm9.HFtHr3X0.Z3VIKuHTskUdaCr7xy', NULL, '', 'Ruli', NULL, 'M', NULL, NULL, 1, 1, 1, 1),
	(1000054, '3174042009730005', '$2a$10$FCvfWZPogiNsaI9FblZaYuCm9.HFtHr3X0.Z3VIKuHTskUdaCr7xy', NULL, '', 'Slamet Riadi', NULL, 'M', NULL, NULL, 1, 1, 1, 1),
	(1000055, '3271010705790021', '$2a$10$FCvfWZPogiNsaI9FblZaYuCm9.HFtHr3X0.Z3VIKuHTskUdaCr7xy', NULL, '', 'Asep Maulana', NULL, 'M', NULL, NULL, 1, 1, 1, 1),
	(1000056, '3276050104860013', '$2a$10$FCvfWZPogiNsaI9FblZaYuCm9.HFtHr3X0.Z3VIKuHTskUdaCr7xy', NULL, '', 'Afrizal, A.Md.', NULL, 'M', NULL, NULL, 1, 1, 1, 1),
	(1000057, '3174040301700012', '$2a$10$FCvfWZPogiNsaI9FblZaYuCm9.HFtHr3X0.Z3VIKuHTskUdaCr7xy', NULL, '', 'Dodik Ika Purwadi', NULL, 'M', NULL, NULL, 1, 1, 1, 1),
	(1000058, '3271061606850014', '$2a$10$FCvfWZPogiNsaI9FblZaYuCm9.HFtHr3X0.Z3VIKuHTskUdaCr7xy', NULL, '', 'Nurhadi Ramadhani', NULL, 'M', NULL, NULL, 1, 1, 1, 1),
	(1000059, '197409041999031002', '$2a$10$FCvfWZPogiNsaI9FblZaYuCm9.HFtHr3X0.Z3VIKuHTskUdaCr7xy', NULL, '', 'Hendro Priyono, S.AP., M.S.E., M.A.', NULL, 'M', NULL, NULL, 1, 1, 1, 1),
	(1000060, '196406091992031005', '$2a$10$FCvfWZPogiNsaI9FblZaYuCm9.HFtHr3X0.Z3VIKuHTskUdaCr7xy', NULL, '', 'Tohap Pasaribu, S.AP.', NULL, 'M', NULL, NULL, 1, 1, 1, 1),
	(1000061, '198403252009012004', '$2a$10$FCvfWZPogiNsaI9FblZaYuCm9.HFtHr3X0.Z3VIKuHTskUdaCr7xy', NULL, '', 'Dianti Marliana Rahayu, S.E.', NULL, 'M', NULL, NULL, 1, 1, 1, 1),
	(1000062, '198604062009122007', '$2a$10$FCvfWZPogiNsaI9FblZaYuCm9.HFtHr3X0.Z3VIKuHTskUdaCr7xy', NULL, '', 'Hendi Inda Karnia, S.E.', NULL, 'M', NULL, NULL, 1, 1, 1, 1),
	(1000063, '196401101987032002', '$2a$10$FCvfWZPogiNsaI9FblZaYuCm9.HFtHr3X0.Z3VIKuHTskUdaCr7xy', NULL, '', 'Supriyanti', NULL, 'M', NULL, NULL, 1, 1, 1, 1),
	(1000064, '198905112015022004', '$2a$10$FCvfWZPogiNsaI9FblZaYuCm9.HFtHr3X0.Z3VIKuHTskUdaCr7xy', NULL, '', 'Fitri Andari, S.Sos.', NULL, 'M', NULL, NULL, 1, 1, 1, 1),
	(1000065, '198806252009122002', '$2a$10$FCvfWZPogiNsaI9FblZaYuCm9.HFtHr3X0.Z3VIKuHTskUdaCr7xy', NULL, '', 'Yuniva Nur Laela, A.Md.', NULL, 'M', NULL, NULL, 1, 1, 1, 1),
	(1000066, '197302052009111001', '$2a$10$FCvfWZPogiNsaI9FblZaYuCm9.HFtHr3X0.Z3VIKuHTskUdaCr7xy', NULL, '', 'Jaenudin', NULL, 'M', NULL, NULL, 1, 1, 1, 1),
	(1000067, '3201291305850002', '$2a$10$FCvfWZPogiNsaI9FblZaYuCm9.HFtHr3X0.Z3VIKuHTskUdaCr7xy', NULL, '', 'Irham Adi Setia', NULL, 'M', NULL, NULL, 1, 1, 1, 1),
	(1000068, '3174041910910003', '$2a$10$FCvfWZPogiNsaI9FblZaYuCm9.HFtHr3X0.Z3VIKuHTskUdaCr7xy', NULL, '', 'Akbar Riyanto', NULL, 'M', NULL, NULL, 1, 1, 1, 1),
	(1000069, '3271022704800020', '$2a$10$FCvfWZPogiNsaI9FblZaYuCm9.HFtHr3X0.Z3VIKuHTskUdaCr7xy', NULL, '', 'Yana Mulyana', NULL, 'M', NULL, NULL, 1, 1, 1, 1),
	(1000070, '3175041006810014', '$2a$10$FCvfWZPogiNsaI9FblZaYuCm9.HFtHr3X0.Z3VIKuHTskUdaCr7xy', NULL, '', 'Riyan Hadinata Hidayat', NULL, 'M', NULL, NULL, 1, 1, 1, 1),
	(1000071, '3271031808840017', '$2a$10$FCvfWZPogiNsaI9FblZaYuCm9.HFtHr3X0.Z3VIKuHTskUdaCr7xy', NULL, '', 'Masteng', NULL, 'M', NULL, NULL, 1, 1, 1, 1),
	(1000072, '3271040103850012', '$2a$10$FCvfWZPogiNsaI9FblZaYuCm9.HFtHr3X0.Z3VIKuHTskUdaCr7xy', NULL, '', 'Ajat Rojali', NULL, 'M', NULL, NULL, 1, 1, 1, 1),
	(1000073, '3174104510950002', '$2a$10$FCvfWZPogiNsaI9FblZaYuCm9.HFtHr3X0.Z3VIKuHTskUdaCr7xy', NULL, '', 'Cindy Kirana Mutia Sari, S.E.', NULL, 'M', NULL, NULL, 1, 1, 1, 1),
	(1000074, '3173077112830002', '$2a$10$FCvfWZPogiNsaI9FblZaYuCm9.HFtHr3X0.Z3VIKuHTskUdaCr7xy', NULL, '', 'Lusitawati', NULL, 'M', NULL, NULL, 1, 1, 1, 1),
	(1000075, '3171065609740001', '$2a$10$FCvfWZPogiNsaI9FblZaYuCm9.HFtHr3X0.Z3VIKuHTskUdaCr7xy', NULL, '', 'Wulantina', NULL, 'M', NULL, NULL, 1, 1, 1, 1),
	(1000076, '3674030604640004', '$2a$10$FCvfWZPogiNsaI9FblZaYuCm9.HFtHr3X0.Z3VIKuHTskUdaCr7xy', NULL, '', 'Asep Istila Setiawan', NULL, 'M', NULL, NULL, 1, 1, 1, 1),
	(1000077, '3674031212830013', '$2a$10$FCvfWZPogiNsaI9FblZaYuCm9.HFtHr3X0.Z3VIKuHTskUdaCr7xy', NULL, '', 'Hidayatullah', NULL, 'M', NULL, NULL, 1, 1, 1, 1),
	(1000078, '196104151989031005', '$2a$10$FCvfWZPogiNsaI9FblZaYuCm9.HFtHr3X0.Z3VIKuHTskUdaCr7xy', NULL, '', 'Ir. Irmansyah Rachman', NULL, 'M', NULL, NULL, 1, 1, 1, 1),
	(1000079, '195708081983031004', '$2a$10$FCvfWZPogiNsaI9FblZaYuCm9.HFtHr3X0.Z3VIKuHTskUdaCr7xy', NULL, '', 'Ir. Dwianto Cipto Subandrio, M.Sc.', NULL, 'M', NULL, NULL, 1, 1, 1, 1),
	(1000080, '196012141988011002', '$2a$10$FCvfWZPogiNsaI9FblZaYuCm9.HFtHr3X0.Z3VIKuHTskUdaCr7xy', NULL, '', 'Ir. Heru Prasetyanto', NULL, 'M', NULL, NULL, 1, 1, 1, 1),
	(1000081, '196305171986011002', '$2a$10$FCvfWZPogiNsaI9FblZaYuCm9.HFtHr3X0.Z3VIKuHTskUdaCr7xy', NULL, '', 'Drs. Lilik Prasetya Budi, M.M.', NULL, 'M', NULL, NULL, 1, 1, 1, 1),
	(1000082, '198003312003121003', '$2a$10$FCvfWZPogiNsaI9FblZaYuCm9.HFtHr3X0.Z3VIKuHTskUdaCr7xy', NULL, '', 'Ardyanto Nugroho, S.Hut., M.M.', NULL, 'M', NULL, NULL, 1, 1, 1, 1),
	(1000083, '196708181993031007', '$2a$10$FCvfWZPogiNsaI9FblZaYuCm9.HFtHr3X0.Z3VIKuHTskUdaCr7xy', NULL, '', 'Fredy Ihsan, S.E., M.M.', NULL, 'M', NULL, NULL, 1, 1, 1, 1),
	(1000084, '196405051989031005', '$2a$10$FCvfWZPogiNsaI9FblZaYuCm9.HFtHr3X0.Z3VIKuHTskUdaCr7xy', NULL, '', 'Abdul Syukur, S.E.', NULL, 'M', NULL, NULL, 1, 1, 1, 1),
	(1000085, '197802062005011007', '$2a$10$FCvfWZPogiNsaI9FblZaYuCm9.HFtHr3X0.Z3VIKuHTskUdaCr7xy', NULL, '', 'Andri Gunawan, S.Hut., M.Si.', NULL, 'M', NULL, NULL, 1, 1, 1, 1),
	(1000086, '197809031998031004', '$2a$10$FCvfWZPogiNsaI9FblZaYuCm9.HFtHr3X0.Z3VIKuHTskUdaCr7xy', NULL, '', 'Muhammad Sulaeman, S.Hut., M.Si', NULL, 'M', NULL, NULL, 1, 1, 1, 1),
	(1000087, '197602282002121006', '$2a$10$FCvfWZPogiNsaI9FblZaYuCm9.HFtHr3X0.Z3VIKuHTskUdaCr7xy', NULL, '', 'Arfizon, S.Sos., M.Hum.', NULL, 'M', NULL, NULL, 1, 1, 1, 1),
	(1000088, '198512312008011001', '$2a$10$FCvfWZPogiNsaI9FblZaYuCm9.HFtHr3X0.Z3VIKuHTskUdaCr7xy', NULL, '', 'Awal Pranowo, S.E.', NULL, 'M', NULL, NULL, 1, 1, 1, 1),
	(1000089, '198005132006041004', '$2a$10$FCvfWZPogiNsaI9FblZaYuCm9.HFtHr3X0.Z3VIKuHTskUdaCr7xy', NULL, '', 'Agung Sedayu, S.Hut.,M.Sc.', NULL, 'M', NULL, NULL, 1, 1, 1, 1),
	(1000090, '198108032006041003', '$2a$10$FCvfWZPogiNsaI9FblZaYuCm9.HFtHr3X0.Z3VIKuHTskUdaCr7xy', NULL, '', 'Ikhsan Anshori, S.Hut.,M.Ling.', NULL, 'M', NULL, NULL, 1, 1, 1, 1),
	(1000091, '198403092009012004', '$2a$10$FCvfWZPogiNsaI9FblZaYuCm9.HFtHr3X0.Z3VIKuHTskUdaCr7xy', NULL, '', 'Rusmayasari, S.Hut.', NULL, 'M', NULL, NULL, 1, 1, 1, 1),
	(1000092, '198504282009011003', '$2a$10$FCvfWZPogiNsaI9FblZaYuCm9.HFtHr3X0.Z3VIKuHTskUdaCr7xy', NULL, '', 'Ahmad Arwani Latif, S.Hut.', NULL, 'M', NULL, NULL, 1, 1, 1, 1),
	(1000093, '198212182009122003', '$2a$10$FCvfWZPogiNsaI9FblZaYuCm9.HFtHr3X0.Z3VIKuHTskUdaCr7xy', NULL, '', 'Lia Herliawati, S.H.,M.Kn', NULL, 'M', NULL, NULL, 1, 1, 1, 1),
	(1000094, '198401192009121006', '$2a$10$FCvfWZPogiNsaI9FblZaYuCm9.HFtHr3X0.Z3VIKuHTskUdaCr7xy', NULL, '', 'Yusha Edwin Raharga, S.H.', NULL, 'M', NULL, NULL, 1, 1, 1, 1),
	(1000095, '197502141998032003', '$2a$10$FCvfWZPogiNsaI9FblZaYuCm9.HFtHr3X0.Z3VIKuHTskUdaCr7xy', NULL, '', 'Rita Esti Purwaningsih, S.E.', NULL, 'M', NULL, NULL, 1, 1, 1, 1),
	(1000096, '197102271998031003', '$2a$10$FCvfWZPogiNsaI9FblZaYuCm9.HFtHr3X0.Z3VIKuHTskUdaCr7xy', NULL, '', 'Sunny Murtaqi, A.Md.', NULL, 'M', NULL, NULL, 1, 1, 1, 1),
	(1000097, '198306152008011001', '$2a$10$FCvfWZPogiNsaI9FblZaYuCm9.HFtHr3X0.Z3VIKuHTskUdaCr7xy', NULL, '', 'Agung Jaya Wardani, S.E.', NULL, 'M', NULL, NULL, 1, 1, 1, 1),
	(1000098, '198401052014021001', '$2a$10$FCvfWZPogiNsaI9FblZaYuCm9.HFtHr3X0.Z3VIKuHTskUdaCr7xy', NULL, '', 'Mokhammad Bahrul Huda, S.H., M.H.', NULL, 'M', NULL, NULL, 1, 1, 1, 1),
	(1000099, '197208281999032001', '$2a$10$FCvfWZPogiNsaI9FblZaYuCm9.HFtHr3X0.Z3VIKuHTskUdaCr7xy', NULL, '', 'Anita, S.E.', NULL, 'M', NULL, NULL, 1, 1, 1, 1),
	(1000100, '197610251997031003', '$2a$10$FCvfWZPogiNsaI9FblZaYuCm9.HFtHr3X0.Z3VIKuHTskUdaCr7xy', NULL, '', 'Rahadi Suci Purwanto, S.Hut.', NULL, 'M', NULL, NULL, 1, 1, 1, 1),
	(1000101, '199104012014021001', '$2a$10$FCvfWZPogiNsaI9FblZaYuCm9.HFtHr3X0.Z3VIKuHTskUdaCr7xy', NULL, '', 'Agung Sulistyo Nugroho, S.Hut.,M.Si.', NULL, 'M', NULL, NULL, 1, 1, 1, 1),
	(1000102, '199106172015042002', '$2a$10$FCvfWZPogiNsaI9FblZaYuCm9.HFtHr3X0.Z3VIKuHTskUdaCr7xy', NULL, '', 'Nilam Sari, S.IP.', NULL, 'M', NULL, NULL, 1, 1, 1, 1),
	(1000103, '198607312009122003', '$2a$10$FCvfWZPogiNsaI9FblZaYuCm9.HFtHr3X0.Z3VIKuHTskUdaCr7xy', NULL, '', 'Siti Nurul Hayati, A.Md.', NULL, 'M', NULL, NULL, 1, 1, 1, 1),
	(1000104, '198502232009121003', '$2a$10$FCvfWZPogiNsaI9FblZaYuCm9.HFtHr3X0.Z3VIKuHTskUdaCr7xy', NULL, '', 'Prima Panji Mulya Permana, SE', NULL, 'M', NULL, NULL, 1, 1, 1, 1),
	(1000105, '198512102009121002', '$2a$10$FCvfWZPogiNsaI9FblZaYuCm9.HFtHr3X0.Z3VIKuHTskUdaCr7xy', NULL, '', 'Toni Wibowo, A.Md.', NULL, 'M', NULL, NULL, 1, 1, 1, 1),
	(1000106, '198903192014022003', '$2a$10$FCvfWZPogiNsaI9FblZaYuCm9.HFtHr3X0.Z3VIKuHTskUdaCr7xy', NULL, '', 'Nurul Chotimah, A.Md.', NULL, 'M', NULL, NULL, 1, 1, 1, 1),
	(1000107, '199509262019022001', '$2a$10$FCvfWZPogiNsaI9FblZaYuCm9.HFtHr3X0.Z3VIKuHTskUdaCr7xy', NULL, '', 'Dina Alifiya Sari, A.Md', NULL, 'M', NULL, NULL, 1, 1, 1, 1),
	(1000108, '197712052003122005', '$2a$10$FCvfWZPogiNsaI9FblZaYuCm9.HFtHr3X0.Z3VIKuHTskUdaCr7xy', NULL, '', 'Desi Intan Anggraheni, S.Hut., M.Ak.', NULL, 'M', NULL, NULL, 1, 1, 1, 1),
	(1000109, '199211202015022003', '$2a$10$FCvfWZPogiNsaI9FblZaYuCm9.HFtHr3X0.Z3VIKuHTskUdaCr7xy', NULL, '', 'Dian Mega Pratiwi, A.Md.', NULL, 'M', NULL, NULL, 1, 1, 1, 1),
	(1000110, '196212231985011001', '$2a$10$FCvfWZPogiNsaI9FblZaYuCm9.HFtHr3X0.Z3VIKuHTskUdaCr7xy', NULL, '', 'Djuma', NULL, 'M', NULL, NULL, 1, 1, 1, 1),
	(1000111, '3603230109930002', '$2a$10$FCvfWZPogiNsaI9FblZaYuCm9.HFtHr3X0.Z3VIKuHTskUdaCr7xy', NULL, '', 'Aditya Giyantono, S.Kom.', NULL, 'M', NULL, NULL, 1, 1, 1, 1),
	(1000112, '3602140101640031', '$2a$10$FCvfWZPogiNsaI9FblZaYuCm9.HFtHr3X0.Z3VIKuHTskUdaCr7xy', NULL, '', 'Ahmad Sunanda', NULL, 'M', NULL, NULL, 1, 1, 1, 1),
	(1000113, '196107081987031002', '$2a$10$FCvfWZPogiNsaI9FblZaYuCm9.HFtHr3X0.Z3VIKuHTskUdaCr7xy', NULL, '', 'Ir. Sumarto, M.M.', NULL, 'M', NULL, NULL, 1, 1, 1, 1),
	(1000114, '196107221988031001', '$2a$10$FCvfWZPogiNsaI9FblZaYuCm9.HFtHr3X0.Z3VIKuHTskUdaCr7xy', NULL, '', 'Ir. Juli Hayono, M.Si.', NULL, 'M', NULL, NULL, 1, 1, 1, 1),
	(1000115, '196303271995032001', '$2a$10$FCvfWZPogiNsaI9FblZaYuCm9.HFtHr3X0.Z3VIKuHTskUdaCr7xy', NULL, '', 'Ir. Nani Farida', NULL, 'M', NULL, NULL, 1, 1, 1, 1),
	(1000116, '196601091994031002', '$2a$10$FCvfWZPogiNsaI9FblZaYuCm9.HFtHr3X0.Z3VIKuHTskUdaCr7xy', NULL, '', 'Harsusanto, S.E.', NULL, 'M', NULL, NULL, 1, 1, 1, 1),
	(1000117, '197906272005011009', '$2a$10$FCvfWZPogiNsaI9FblZaYuCm9.HFtHr3X0.Z3VIKuHTskUdaCr7xy', NULL, '', 'Joko Yunianto, S.Hut.,M.Si.', NULL, 'M', NULL, NULL, 1, 1, 1, 1),
	(1000118, '196412091999031001', '$2a$10$FCvfWZPogiNsaI9FblZaYuCm9.HFtHr3X0.Z3VIKuHTskUdaCr7xy', NULL, '', 'Leandro Amaral, S.T.', NULL, 'M', NULL, NULL, 1, 1, 1, 1),
	(1000119, '197610232003121003', '$2a$10$FCvfWZPogiNsaI9FblZaYuCm9.HFtHr3X0.Z3VIKuHTskUdaCr7xy', NULL, '', 'Haposan Simbolon, S.Hut., M.IL.', NULL, 'M', NULL, NULL, 1, 1, 1, 1),
	(1000120, '196903261995031001', '$2a$10$FCvfWZPogiNsaI9FblZaYuCm9.HFtHr3X0.Z3VIKuHTskUdaCr7xy', NULL, '', 'Taufik Muhamadsyah, S.Hut.', NULL, 'M', NULL, NULL, 1, 1, 1, 1),
	(1000121, '197307181992121002', '$2a$10$FCvfWZPogiNsaI9FblZaYuCm9.HFtHr3X0.Z3VIKuHTskUdaCr7xy', NULL, '', 'Dwi Yuli Widyatmoko, S.Hut.T., M.Sc.', NULL, 'M', NULL, NULL, 1, 1, 1, 1),
	(1000122, '196508301989031003', '$2a$10$FCvfWZPogiNsaI9FblZaYuCm9.HFtHr3X0.Z3VIKuHTskUdaCr7xy', NULL, '', 'Darusman', NULL, 'M', NULL, NULL, 1, 1, 1, 1),
	(1000123, '197802141997031002', '$2a$10$FCvfWZPogiNsaI9FblZaYuCm9.HFtHr3X0.Z3VIKuHTskUdaCr7xy', NULL, '', 'Eru Feriana, S.Hut.', NULL, 'M', NULL, NULL, 1, 1, 1, 1),
	(1000124, '196402081986011001', '$2a$10$FCvfWZPogiNsaI9FblZaYuCm9.HFtHr3X0.Z3VIKuHTskUdaCr7xy', NULL, '', 'Mursid', NULL, 'M', NULL, NULL, 1, 1, 1, 1),
	(1000125, '198205202006041002', '$2a$10$FCvfWZPogiNsaI9FblZaYuCm9.HFtHr3X0.Z3VIKuHTskUdaCr7xy', NULL, '', 'Indra Saputra, S.Hut.,M.Si.', NULL, 'M', NULL, NULL, 1, 1, 1, 1),
	(1000126, '197611251996031001', '$2a$10$FCvfWZPogiNsaI9FblZaYuCm9.HFtHr3X0.Z3VIKuHTskUdaCr7xy', NULL, '', 'Amirin Imanto, S.E., M.Si.', NULL, 'M', NULL, NULL, 1, 1, 1, 1),
	(1000127, '197907151999031001', '$2a$10$FCvfWZPogiNsaI9FblZaYuCm9.HFtHr3X0.Z3VIKuHTskUdaCr7xy', NULL, '', 'I Putu Garjita, S.Hut., M.Si', NULL, 'M', NULL, NULL, 1, 1, 1, 1),
	(1000128, '197403092000031001', '$2a$10$FCvfWZPogiNsaI9FblZaYuCm9.HFtHr3X0.Z3VIKuHTskUdaCr7xy', NULL, '', 'Ari Saptarno, S.E.', NULL, 'M', NULL, NULL, 1, 1, 1, 1),
	(1000129, '198407272009121004', '$2a$10$FCvfWZPogiNsaI9FblZaYuCm9.HFtHr3X0.Z3VIKuHTskUdaCr7xy', NULL, '', 'Ipan Gian Rosandi, S.Hut.,M.Si', NULL, 'M', NULL, NULL, 1, 1, 1, 1),
	(1000130, '198512132009121005', '$2a$10$FCvfWZPogiNsaI9FblZaYuCm9.HFtHr3X0.Z3VIKuHTskUdaCr7xy', NULL, '', 'Mohammad Taufik Daryono, S.Hut.,M.Sc', NULL, 'M', NULL, NULL, 1, 1, 1, 1),
	(1000131, '198407262009121003', '$2a$10$FCvfWZPogiNsaI9FblZaYuCm9.HFtHr3X0.Z3VIKuHTskUdaCr7xy', NULL, '', 'Lukman Hakim, S.H.,M.Si.', NULL, 'M', NULL, NULL, 1, 1, 1, 1),
	(1000132, '198510262010121003', '$2a$10$FCvfWZPogiNsaI9FblZaYuCm9.HFtHr3X0.Z3VIKuHTskUdaCr7xy', NULL, '', 'Tubagus Aditya Nugraha, S.Hut.', NULL, 'M', NULL, NULL, 1, 1, 1, 1),
	(1000133, '199003162015042003', '$2a$10$FCvfWZPogiNsaI9FblZaYuCm9.HFtHr3X0.Z3VIKuHTskUdaCr7xy', NULL, '', 'Najihatur Rejki, S.Si.', NULL, 'M', NULL, NULL, 1, 1, 1, 1),
	(1000134, '198510082009122003', '$2a$10$FCvfWZPogiNsaI9FblZaYuCm9.HFtHr3X0.Z3VIKuHTskUdaCr7xy', NULL, '', 'Hotmaria Manik, SE', NULL, 'M', NULL, NULL, 1, 1, 1, 1),
	(1000135, '198409242009122005', '$2a$10$FCvfWZPogiNsaI9FblZaYuCm9.HFtHr3X0.Z3VIKuHTskUdaCr7xy', NULL, '', 'Yanie Sugianto, S.E.', NULL, 'M', NULL, NULL, 1, 1, 1, 1),
	(1000136, '199702032019022001', '$2a$10$FCvfWZPogiNsaI9FblZaYuCm9.HFtHr3X0.Z3VIKuHTskUdaCr7xy', NULL, '', 'Fitri Nurjanah, A.Md', NULL, 'M', NULL, NULL, 1, 1, 1, 1),
	(1000137, '197607072003122004', '$2a$10$FCvfWZPogiNsaI9FblZaYuCm9.HFtHr3X0.Z3VIKuHTskUdaCr7xy', NULL, '', 'Uli Arriyani, S.Hut., M.Si.', NULL, 'M', NULL, NULL, 1, 1, 1, 1),
	(1000138, '197306282009121001', '$2a$10$FCvfWZPogiNsaI9FblZaYuCm9.HFtHr3X0.Z3VIKuHTskUdaCr7xy', NULL, '', 'Sugeng Priyanto', NULL, 'M', NULL, NULL, 1, 1, 1, 1),
	(1000139, '3671124404920004', '$2a$10$FCvfWZPogiNsaI9FblZaYuCm9.HFtHr3X0.Z3VIKuHTskUdaCr7xy', NULL, '', 'Vania Ditria Rury, S.Ikom', NULL, 'M', NULL, NULL, 1, 1, 1, 1),
	(1000140, '3171032810760005', '$2a$10$FCvfWZPogiNsaI9FblZaYuCm9.HFtHr3X0.Z3VIKuHTskUdaCr7xy', NULL, '', 'Sumanta', NULL, 'M', NULL, NULL, 1, 1, 1, 1),
	(1000141, '3521100309820002', '$2a$10$FCvfWZPogiNsaI9FblZaYuCm9.HFtHr3X0.Z3VIKuHTskUdaCr7xy', NULL, '', 'Mariyadi', NULL, 'M', NULL, NULL, 1, 1, 1, 1),
	(1000142, '196107101988031001', '$2a$10$FCvfWZPogiNsaI9FblZaYuCm9.HFtHr3X0.Z3VIKuHTskUdaCr7xy', NULL, '', 'Dr. Ir. Suhaeri, B.Sc,F., M.Si.', NULL, 'M', NULL, NULL, 1, 1, 1, 1),
	(1000143, '196909301993032001', '$2a$10$FCvfWZPogiNsaI9FblZaYuCm9.HFtHr3X0.Z3VIKuHTskUdaCr7xy', NULL, '', 'Sri Herawati, S.Sos.', NULL, 'M', NULL, NULL, 1, 1, 1, 1),
	(1000144, '197410121999032003', '$2a$10$FCvfWZPogiNsaI9FblZaYuCm9.HFtHr3X0.Z3VIKuHTskUdaCr7xy', NULL, '', 'Evi Oktiana, S.E., M.Si.', NULL, 'M', NULL, NULL, 1, 1, 1, 1),
	(1000145, '196609301989031003', '$2a$10$FCvfWZPogiNsaI9FblZaYuCm9.HFtHr3X0.Z3VIKuHTskUdaCr7xy', NULL, '', 'M. Nurjamansyah, S.E., M.Si.', NULL, 'M', NULL, NULL, 1, 1, 1, 1),
	(1000146, '196609281994031007', '$2a$10$FCvfWZPogiNsaI9FblZaYuCm9.HFtHr3X0.Z3VIKuHTskUdaCr7xy', NULL, '', 'Fajar Cahyono, S.E.', NULL, 'M', NULL, NULL, 1, 1, 1, 1),
	(1000147, '197305011999031002', '$2a$10$FCvfWZPogiNsaI9FblZaYuCm9.HFtHr3X0.Z3VIKuHTskUdaCr7xy', NULL, '', 'Sugeng Purnomo, S.Pi.', NULL, 'M', NULL, NULL, 1, 1, 1, 1),
	(1000148, '197801012005011013', '$2a$10$FCvfWZPogiNsaI9FblZaYuCm9.HFtHr3X0.Z3VIKuHTskUdaCr7xy', NULL, '', 'Muhamad Amin Iskandar, S.Hut., M.M.', NULL, 'M', NULL, NULL, 1, 1, 1, 1),
	(1000149, '197901272005011007', '$2a$10$FCvfWZPogiNsaI9FblZaYuCm9.HFtHr3X0.Z3VIKuHTskUdaCr7xy', NULL, '', 'Heryana, S.Hut., M.Ak.', NULL, 'M', NULL, NULL, 1, 1, 1, 1),
	(1000150, '196507231986011001', '$2a$10$FCvfWZPogiNsaI9FblZaYuCm9.HFtHr3X0.Z3VIKuHTskUdaCr7xy', NULL, '', 'Altur, SE', NULL, 'M', NULL, NULL, 1, 1, 1, 1),
	(1000151, '196505071992031006', '$2a$10$FCvfWZPogiNsaI9FblZaYuCm9.HFtHr3X0.Z3VIKuHTskUdaCr7xy', NULL, '', 'Ngarip, S.Sos.', NULL, 'M', NULL, NULL, 1, 1, 1, 1),
	(1000152, '197303102006041004', '$2a$10$FCvfWZPogiNsaI9FblZaYuCm9.HFtHr3X0.Z3VIKuHTskUdaCr7xy', NULL, '', 'Priyanto, S.T.', NULL, 'M', NULL, NULL, 1, 1, 1, 1),
	(1000153, '197306251994031004', '$2a$10$FCvfWZPogiNsaI9FblZaYuCm9.HFtHr3X0.Z3VIKuHTskUdaCr7xy', NULL, '', 'Hery Ismawan, S.Hut.T.', NULL, 'M', NULL, NULL, 1, 1, 1, 1),
	(1000154, '197305101995031002', '$2a$10$FCvfWZPogiNsaI9FblZaYuCm9.HFtHr3X0.Z3VIKuHTskUdaCr7xy', NULL, '', 'Kusnadi, S.P., M.Si.', NULL, 'M', NULL, NULL, 1, 1, 1, 1),
	(1000155, '196508271991111001', '$2a$10$FCvfWZPogiNsaI9FblZaYuCm9.HFtHr3X0.Z3VIKuHTskUdaCr7xy', NULL, '', 'Saud Agustinus Dolland Sitorus, S.E.', NULL, 'M', NULL, NULL, 1, 1, 1, 1),
	(1000156, '197410101997031002', '$2a$10$FCvfWZPogiNsaI9FblZaYuCm9.HFtHr3X0.Z3VIKuHTskUdaCr7xy', NULL, '', 'Nasrul S., S.Hut.', NULL, 'M', NULL, NULL, 1, 1, 1, 1),
	(1000157, '198209112009041006', '$2a$10$FCvfWZPogiNsaI9FblZaYuCm9.HFtHr3X0.Z3VIKuHTskUdaCr7xy', NULL, '', 'Moses Doli Afrin Panjaitan, S.H.,M.Si.', NULL, 'M', NULL, NULL, 1, 1, 1, 1),
	(1000158, '198206042009121002', '$2a$10$FCvfWZPogiNsaI9FblZaYuCm9.HFtHr3X0.Z3VIKuHTskUdaCr7xy', NULL, '', 'Dedi Mulyana, S.Hut.', NULL, 'M', NULL, NULL, 1, 1, 1, 1),
	(1000159, '196301051989031001', '$2a$10$FCvfWZPogiNsaI9FblZaYuCm9.HFtHr3X0.Z3VIKuHTskUdaCr7xy', NULL, '', 'Sutomo, S.IP.', NULL, 'M', NULL, NULL, 1, 1, 1, 1),
	(1000160, '198107292006041001', '$2a$10$FCvfWZPogiNsaI9FblZaYuCm9.HFtHr3X0.Z3VIKuHTskUdaCr7xy', NULL, '', 'Wisnu Bayu Aji, S.Hut.', NULL, 'M', NULL, NULL, 1, 1, 1, 1),
	(1000161, '198003212009121005', '$2a$10$FCvfWZPogiNsaI9FblZaYuCm9.HFtHr3X0.Z3VIKuHTskUdaCr7xy', NULL, '', 'Hardian Hatta, S.Sos., M.Si.', NULL, 'M', NULL, NULL, 1, 1, 1, 1),
	(1000162, '198305062009122002', '$2a$10$FCvfWZPogiNsaI9FblZaYuCm9.HFtHr3X0.Z3VIKuHTskUdaCr7xy', NULL, '', 'Eko Purwaningsih, S.Hut.', NULL, 'M', NULL, NULL, 1, 1, 1, 1),
	(1000163, '198908202014021003', '$2a$10$FCvfWZPogiNsaI9FblZaYuCm9.HFtHr3X0.Z3VIKuHTskUdaCr7xy', NULL, '', 'Akrom Mubarok, S.Hut.', NULL, 'M', NULL, NULL, 1, 1, 1, 1),
	(1000164, '198412222015041001', '$2a$10$FCvfWZPogiNsaI9FblZaYuCm9.HFtHr3X0.Z3VIKuHTskUdaCr7xy', NULL, '', 'Dhimas Pekik Raharjo, S.E.', NULL, 'M', NULL, NULL, 1, 1, 1, 1),
	(1000165, '198401022008011001', '$2a$10$FCvfWZPogiNsaI9FblZaYuCm9.HFtHr3X0.Z3VIKuHTskUdaCr7xy', NULL, '', 'Yudi Mitrosusanto, S.E.,M.Si.', NULL, 'M', NULL, NULL, 1, 1, 1, 1),
	(1000166, '198701152009121003', '$2a$10$FCvfWZPogiNsaI9FblZaYuCm9.HFtHr3X0.Z3VIKuHTskUdaCr7xy', NULL, '', 'Aldila Yantama Digantara, SE', NULL, 'M', NULL, NULL, 1, 1, 1, 1),
	(1000167, '198502102009122002', '$2a$10$FCvfWZPogiNsaI9FblZaYuCm9.HFtHr3X0.Z3VIKuHTskUdaCr7xy', NULL, '', 'Tiska Febrianti Kawai, S.Sos', NULL, 'M', NULL, NULL, 1, 1, 1, 1),
	(1000168, '199708192019022001', '$2a$10$FCvfWZPogiNsaI9FblZaYuCm9.HFtHr3X0.Z3VIKuHTskUdaCr7xy', NULL, '', 'Sonia Agustina, A.Md', NULL, 'M', NULL, NULL, 1, 1, 1, 1),
	(1000169, '197407261999032003', '$2a$10$FCvfWZPogiNsaI9FblZaYuCm9.HFtHr3X0.Z3VIKuHTskUdaCr7xy', NULL, '', 'Widya Hastuti, S.Hut., M.SE.', NULL, 'M', NULL, NULL, 1, 1, 1, 1),
	(1000170, '196305131986011001', '$2a$10$FCvfWZPogiNsaI9FblZaYuCm9.HFtHr3X0.Z3VIKuHTskUdaCr7xy', NULL, '', 'Sutarno', NULL, 'M', NULL, NULL, 1, 1, 1, 1),
	(1000171, '197907152008121005', '$2a$10$FCvfWZPogiNsaI9FblZaYuCm9.HFtHr3X0.Z3VIKuHTskUdaCr7xy', NULL, '', 'Uci Sanusi', NULL, 'M', NULL, NULL, 1, 1, 1, 1),
	(1000172, '3201205311940003', '$2a$10$FCvfWZPogiNsaI9FblZaYuCm9.HFtHr3X0.Z3VIKuHTskUdaCr7xy', NULL, '', 'Ichwina Novitri, S.E', NULL, 'M', NULL, NULL, 1, 1, 1, 1),
	(1000173, '3671120504730001', '$2a$10$FCvfWZPogiNsaI9FblZaYuCm9.HFtHr3X0.Z3VIKuHTskUdaCr7xy', NULL, '', 'Maulana Hakim', NULL, 'M', NULL, NULL, 1, 1, 1, 1),
	(1000174, '3271040705810002', '$2a$10$FCvfWZPogiNsaI9FblZaYuCm9.HFtHr3X0.Z3VIKuHTskUdaCr7xy', NULL, '', 'Agung Erdiyansyah', NULL, 'M', NULL, NULL, 1, 1, 1, 1),
	(1000175, '196101161995031001', '$2a$10$FCvfWZPogiNsaI9FblZaYuCm9.HFtHr3X0.Z3VIKuHTskUdaCr7xy', NULL, '', 'Drs. Muhammad Yunus, M.Si.', NULL, 'M', NULL, NULL, 1, 1, 1, 1),
	(1000176, '196006161981032001', '$2a$10$FCvfWZPogiNsaI9FblZaYuCm9.HFtHr3X0.Z3VIKuHTskUdaCr7xy', NULL, '', 'Yenny Softia, S.E.,M.M.', NULL, 'M', NULL, NULL, 1, 1, 1, 1),
	(1000177, '197101052005012004', '$2a$10$FCvfWZPogiNsaI9FblZaYuCm9.HFtHr3X0.Z3VIKuHTskUdaCr7xy', NULL, '', 'Sri Sultrarini Rahayu, S.Hut., M.P.', NULL, 'M', NULL, NULL, 1, 1, 1, 1),
	(1000178, '196110071982011001', '$2a$10$FCvfWZPogiNsaI9FblZaYuCm9.HFtHr3X0.Z3VIKuHTskUdaCr7xy', NULL, '', 'Kuncoro, S.E.', NULL, 'M', NULL, NULL, 1, 1, 1, 1),
	(1000179, '197409112001121002', '$2a$10$FCvfWZPogiNsaI9FblZaYuCm9.HFtHr3X0.Z3VIKuHTskUdaCr7xy', NULL, '', 'Aris Haryono, S.H.', NULL, 'M', NULL, NULL, 1, 1, 1, 1),
	(1000180, '197707222001121003', '$2a$10$FCvfWZPogiNsaI9FblZaYuCm9.HFtHr3X0.Z3VIKuHTskUdaCr7xy', NULL, '', 'Arief Ammar Pinuji, S.Hut., M.Si.', NULL, 'M', NULL, NULL, 1, 1, 1, 1),
	(1000181, '196507061991021001', '$2a$10$FCvfWZPogiNsaI9FblZaYuCm9.HFtHr3X0.Z3VIKuHTskUdaCr7xy', NULL, '', 'Pairan, S.Sos., M.Ak.', NULL, 'M', NULL, NULL, 1, 1, 1, 1),
	(1000182, '197201131998031002', '$2a$10$FCvfWZPogiNsaI9FblZaYuCm9.HFtHr3X0.Z3VIKuHTskUdaCr7xy', NULL, '', 'Ramlan, S.E.', NULL, 'M', NULL, NULL, 1, 1, 1, 1),
	(1000183, '197104172000031002', '$2a$10$FCvfWZPogiNsaI9FblZaYuCm9.HFtHr3X0.Z3VIKuHTskUdaCr7xy', NULL, '', 'Erwin Prasetyo, S.H.,M.H.', NULL, 'M', NULL, NULL, 1, 1, 1, 1),
	(1000184, '196308131985011001', '$2a$10$FCvfWZPogiNsaI9FblZaYuCm9.HFtHr3X0.Z3VIKuHTskUdaCr7xy', NULL, '', 'Jaka Susanto, S.Sos.', NULL, 'M', NULL, NULL, 1, 1, 1, 1),
	(1000185, '196403141986111001', '$2a$10$FCvfWZPogiNsaI9FblZaYuCm9.HFtHr3X0.Z3VIKuHTskUdaCr7xy', NULL, '', 'Bambang Edy Sutrisno', NULL, 'M', NULL, NULL, 1, 1, 1, 1),
	(1000186, '196302181992031004', '$2a$10$FCvfWZPogiNsaI9FblZaYuCm9.HFtHr3X0.Z3VIKuHTskUdaCr7xy', NULL, '', 'Marup, S.H.', NULL, 'M', NULL, NULL, 1, 1, 1, 1),
	(1000187, '198006102006041003', '$2a$10$FCvfWZPogiNsaI9FblZaYuCm9.HFtHr3X0.Z3VIKuHTskUdaCr7xy', NULL, '', 'Casmuri, S.Hut.,M.Si.', NULL, 'M', NULL, NULL, 1, 1, 1, 1),
	(1000188, '197804131998031003', '$2a$10$FCvfWZPogiNsaI9FblZaYuCm9.HFtHr3X0.Z3VIKuHTskUdaCr7xy', NULL, '', 'Robby Cahyanto, S.Hut., M.E.', NULL, 'M', NULL, NULL, 1, 1, 1, 1),
	(1000189, '198110312006041003', '$2a$10$FCvfWZPogiNsaI9FblZaYuCm9.HFtHr3X0.Z3VIKuHTskUdaCr7xy', NULL, '', 'Adhiputra Purnomo, S.Hut.', NULL, 'M', NULL, NULL, 1, 1, 1, 1),
	(1000190, '197307132007012001', '$2a$10$FCvfWZPogiNsaI9FblZaYuCm9.HFtHr3X0.Z3VIKuHTskUdaCr7xy', NULL, '', 'Juliati, S.Sos.', NULL, 'M', NULL, NULL, 1, 1, 1, 1),
	(1000191, '198505152009122005', '$2a$10$FCvfWZPogiNsaI9FblZaYuCm9.HFtHr3X0.Z3VIKuHTskUdaCr7xy', NULL, '', 'Meiriza Gusti, S.Hut.', NULL, 'M', NULL, NULL, 1, 1, 1, 1),
	(1000192, '198210172009121003', '$2a$10$FCvfWZPogiNsaI9FblZaYuCm9.HFtHr3X0.Z3VIKuHTskUdaCr7xy', NULL, '', 'Bisma Darmanuaji, S.H.,M.Si.', NULL, 'M', NULL, NULL, 1, 1, 1, 1),
	(1000193, '198812112011011001', '$2a$10$FCvfWZPogiNsaI9FblZaYuCm9.HFtHr3X0.Z3VIKuHTskUdaCr7xy', NULL, '', 'Danang Bagus Widyarto, S.E.,M.Si.', NULL, 'M', NULL, NULL, 1, 1, 1, 1),
	(1000194, '198703272015041001', '$2a$10$FCvfWZPogiNsaI9FblZaYuCm9.HFtHr3X0.Z3VIKuHTskUdaCr7xy', NULL, '', 'Jimmy Hartono Simamora, S.H.', NULL, 'M', NULL, NULL, 1, 1, 1, 1),
	(1000195, '198411082009121007', '$2a$10$FCvfWZPogiNsaI9FblZaYuCm9.HFtHr3X0.Z3VIKuHTskUdaCr7xy', NULL, '', 'Mas Ali, SE', NULL, 'M', NULL, NULL, 1, 1, 1, 1),
	(1000196, '198707212009122005', '$2a$10$FCvfWZPogiNsaI9FblZaYuCm9.HFtHr3X0.Z3VIKuHTskUdaCr7xy', NULL, '', 'Dionecia Yuliastanty Usinora, SE', NULL, 'M', NULL, NULL, 1, 1, 1, 1),
	(1000197, '198508032009121011', '$2a$10$FCvfWZPogiNsaI9FblZaYuCm9.HFtHr3X0.Z3VIKuHTskUdaCr7xy', NULL, '', 'Johny Latuaga, A.Md.', NULL, 'M', NULL, NULL, 1, 1, 1, 1),
	(1000198, '198801312009121004', '$2a$10$FCvfWZPogiNsaI9FblZaYuCm9.HFtHr3X0.Z3VIKuHTskUdaCr7xy', NULL, '', 'Okky Rizkiya Mufti, A.Md.', NULL, 'M', NULL, NULL, 1, 1, 1, 1),
	(1000199, '199608312019021002', '$2a$10$FCvfWZPogiNsaI9FblZaYuCm9.HFtHr3X0.Z3VIKuHTskUdaCr7xy', NULL, '', 'Mikki Nur Wijaya, A.Md', NULL, 'M', NULL, NULL, 1, 1, 1, 1),
	(1000200, '196212291987031003', '$2a$10$FCvfWZPogiNsaI9FblZaYuCm9.HFtHr3X0.Z3VIKuHTskUdaCr7xy', NULL, '', 'Drs. Otto Bawer Sembiring, M.M.', NULL, 'M', NULL, NULL, 1, 1, 1, 1),
	(1000201, '198912262015022003', '$2a$10$FCvfWZPogiNsaI9FblZaYuCm9.HFtHr3X0.Z3VIKuHTskUdaCr7xy', NULL, '', 'Vika Kristiyanti Natalia, S.E.', NULL, 'M', NULL, NULL, 1, 1, 1, 1),
	(1000202, '196605201986011001', '$2a$10$FCvfWZPogiNsaI9FblZaYuCm9.HFtHr3X0.Z3VIKuHTskUdaCr7xy', NULL, '', 'Supardi', NULL, 'M', NULL, NULL, 1, 1, 1, 1),
	(1000203, '197306062008121001', '$2a$10$FCvfWZPogiNsaI9FblZaYuCm9.HFtHr3X0.Z3VIKuHTskUdaCr7xy', NULL, '', 'Jajang', NULL, 'M', NULL, NULL, 1, 1, 1, 1),
	(1000204, '3201013009670010', '$2a$10$FCvfWZPogiNsaI9FblZaYuCm9.HFtHr3X0.Z3VIKuHTskUdaCr7xy', NULL, '', 'Fiki Taufiq', NULL, 'M', NULL, NULL, 1, 1, 1, 1),
	(1000205, '196310121994031001', '$2a$10$FCvfWZPogiNsaI9FblZaYuCm9.HFtHr3X0.Z3VIKuHTskUdaCr7xy', NULL, '', 'Drs. Tri Bangun Laksana', NULL, 'M', NULL, NULL, 1, 1, 1, 1),
	(1000206, '196406041985011001', '$2a$10$FCvfWZPogiNsaI9FblZaYuCm9.HFtHr3X0.Z3VIKuHTskUdaCr7xy', NULL, '', 'Sugeng Parmono, S.H.', NULL, 'M', NULL, NULL, 1, 1, 1, 1),
	(1000207, '197510261996031001', '$2a$10$FCvfWZPogiNsaI9FblZaYuCm9.HFtHr3X0.Z3VIKuHTskUdaCr7xy', NULL, '', 'Ade Tri Ajikusumah, S.E., M.Si.', NULL, 'M', NULL, NULL, 1, 1, 1, 1),
	(1000208, '197404161998031002', '$2a$10$FCvfWZPogiNsaI9FblZaYuCm9.HFtHr3X0.Z3VIKuHTskUdaCr7xy', NULL, '', 'Mohamad Arief Priana, S.Hut., M.Si.', NULL, 'M', NULL, NULL, 1, 1, 1, 1),
	(1000209, '197611092002121003', '$2a$10$FCvfWZPogiNsaI9FblZaYuCm9.HFtHr3X0.Z3VIKuHTskUdaCr7xy', NULL, '', 'Wiharjanto, S.H., M.Hum.', NULL, 'M', NULL, NULL, 1, 1, 1, 1),
	(1000210, '197907252005012009', '$2a$10$FCvfWZPogiNsaI9FblZaYuCm9.HFtHr3X0.Z3VIKuHTskUdaCr7xy', NULL, '', 'Yulia Niken Purwaningrum, S.Hut., M.M.', NULL, 'M', NULL, NULL, 1, 1, 1, 1),
	(1000211, '197205311999031002', '$2a$10$FCvfWZPogiNsaI9FblZaYuCm9.HFtHr3X0.Z3VIKuHTskUdaCr7xy', NULL, '', 'Yogi Nurwana, S.Hut.', NULL, 'M', NULL, NULL, 1, 1, 1, 1),
	(1000212, '198106232005012003', '$2a$10$FCvfWZPogiNsaI9FblZaYuCm9.HFtHr3X0.Z3VIKuHTskUdaCr7xy', NULL, '', 'Eka Rosnawati, S.Hut., M.M.', NULL, 'M', NULL, NULL, 1, 1, 1, 1),
	(1000213, '197506111997031002', '$2a$10$FCvfWZPogiNsaI9FblZaYuCm9.HFtHr3X0.Z3VIKuHTskUdaCr7xy', NULL, '', 'Yogyanto Daru Sasongko, S.Sos., M.H.', NULL, 'M', NULL, NULL, 1, 1, 1, 1),
	(1000214, '196906151994031007', '$2a$10$FCvfWZPogiNsaI9FblZaYuCm9.HFtHr3X0.Z3VIKuHTskUdaCr7xy', NULL, '', 'Karno Sasmita, S.Hut.T., M.Sc.', NULL, 'M', NULL, NULL, 1, 1, 1, 1),
	(1000215, '197908192006041008', '$2a$10$FCvfWZPogiNsaI9FblZaYuCm9.HFtHr3X0.Z3VIKuHTskUdaCr7xy', NULL, '', 'Dhani Kusuma, S.Hut.', NULL, 'M', NULL, NULL, 1, 1, 1, 1),
	(1000216, '198108262006041001', '$2a$10$FCvfWZPogiNsaI9FblZaYuCm9.HFtHr3X0.Z3VIKuHTskUdaCr7xy', NULL, '', 'Andy Widodo, S.Hut.,M.Si.', NULL, 'M', NULL, NULL, 1, 1, 1, 1),
	(1000217, '198208122006041016', '$2a$10$FCvfWZPogiNsaI9FblZaYuCm9.HFtHr3X0.Z3VIKuHTskUdaCr7xy', NULL, '', 'Ficky Rahmat Agustian, S.Hut.', NULL, 'M', NULL, NULL, 1, 1, 1, 1),
	(1000218, '197802092005011005', '$2a$10$FCvfWZPogiNsaI9FblZaYuCm9.HFtHr3X0.Z3VIKuHTskUdaCr7xy', NULL, '', 'Ahmad Syahru Mauludi, S.Hut., M.Si.', NULL, 'M', NULL, NULL, 1, 1, 1, 1),
	(1000219, '198203252006082001', '$2a$10$FCvfWZPogiNsaI9FblZaYuCm9.HFtHr3X0.Z3VIKuHTskUdaCr7xy', NULL, '', 'Dyah Pujihastuti, S.Hut.', NULL, 'M', NULL, NULL, 1, 1, 1, 1),
	(1000220, '198411242009121003', '$2a$10$FCvfWZPogiNsaI9FblZaYuCm9.HFtHr3X0.Z3VIKuHTskUdaCr7xy', NULL, '', 'Sulistyo Wibowo, S.H.', NULL, 'M', NULL, NULL, 1, 1, 1, 1),
	(1000221, '198506282009121006', '$2a$10$FCvfWZPogiNsaI9FblZaYuCm9.HFtHr3X0.Z3VIKuHTskUdaCr7xy', NULL, '', 'Irfan Rosandhy, S.Hut.', NULL, 'M', NULL, NULL, 1, 1, 1, 1),
	(1000222, '198912262015042002', '$2a$10$FCvfWZPogiNsaI9FblZaYuCm9.HFtHr3X0.Z3VIKuHTskUdaCr7xy', NULL, '', 'Faridatun Khasanah, S.E.', NULL, 'M', NULL, NULL, 1, 1, 1, 1),
	(1000223, '198410232009121005', '$2a$10$FCvfWZPogiNsaI9FblZaYuCm9.HFtHr3X0.Z3VIKuHTskUdaCr7xy', NULL, '', 'Sendi Eriandi, A.Md.', NULL, 'M', NULL, NULL, 1, 1, 1, 1),
	(1000224, '198505182009121006', '$2a$10$FCvfWZPogiNsaI9FblZaYuCm9.HFtHr3X0.Z3VIKuHTskUdaCr7xy', NULL, '', 'Rangga Mahardika, S.Hut.', NULL, 'M', NULL, NULL, 1, 1, 1, 1),
	(1000225, '198603252009121005', '$2a$10$FCvfWZPogiNsaI9FblZaYuCm9.HFtHr3X0.Z3VIKuHTskUdaCr7xy', NULL, '', 'Andhie Mardhiansyah, S.Hut.,M.Si.', NULL, 'M', NULL, NULL, 1, 1, 1, 1),
	(1000226, '198511292009122002', '$2a$10$FCvfWZPogiNsaI9FblZaYuCm9.HFtHr3X0.Z3VIKuHTskUdaCr7xy', NULL, '', 'Candra Widhiyanti, A.Md.', NULL, 'M', NULL, NULL, 1, 1, 1, 1),
	(1000227, '198408072008011001', '$2a$10$FCvfWZPogiNsaI9FblZaYuCm9.HFtHr3X0.Z3VIKuHTskUdaCr7xy', NULL, '', 'Reka Purnama, A.Md.', NULL, 'M', NULL, NULL, 1, 1, 1, 1),
	(1000228, '198202052006041004', '$2a$10$FCvfWZPogiNsaI9FblZaYuCm9.HFtHr3X0.Z3VIKuHTskUdaCr7xy', NULL, '', 'Indra Febriana, S.Hut.', NULL, 'M', NULL, NULL, 1, 1, 1, 1),
	(1000229, '198805292011012021', '$2a$10$FCvfWZPogiNsaI9FblZaYuCm9.HFtHr3X0.Z3VIKuHTskUdaCr7xy', NULL, '', 'Citrasmara Galuh Nuansa, S.T.,M.Ling.', NULL, 'M', NULL, NULL, 1, 1, 1, 1),
	(1000230, '196512131989031003', '$2a$10$FCvfWZPogiNsaI9FblZaYuCm9.HFtHr3X0.Z3VIKuHTskUdaCr7xy', NULL, '', 'Sadwidji Puspo Wahyudi', NULL, 'M', NULL, NULL, 1, 1, 1, 1),
	(1000231, '198810182015022001', '$2a$10$FCvfWZPogiNsaI9FblZaYuCm9.HFtHr3X0.Z3VIKuHTskUdaCr7xy', NULL, '', 'Ikhda Maulidiana Nur Hikmah, S.E.', NULL, 'M', NULL, NULL, 1, 1, 1, 1),
	(1000232, '198811212014022003', '$2a$10$FCvfWZPogiNsaI9FblZaYuCm9.HFtHr3X0.Z3VIKuHTskUdaCr7xy', NULL, '', 'Siti Rohmah, A.Md.', NULL, 'M', NULL, NULL, 1, 1, 1, 1),
	(1000233, '196404031986011001', '$2a$10$FCvfWZPogiNsaI9FblZaYuCm9.HFtHr3X0.Z3VIKuHTskUdaCr7xy', NULL, '', 'M. Yusuf', NULL, 'M', NULL, NULL, 1, 1, 1, 1),
	(1000234, '3271061006770007', '$2a$10$FCvfWZPogiNsaI9FblZaYuCm9.HFtHr3X0.Z3VIKuHTskUdaCr7xy', NULL, '', 'Asep Suhendar', NULL, 'M', NULL, NULL, 1, 1, 1, 1),
	(1000235, '3316044902920003', '$2a$10$FCvfWZPogiNsaI9FblZaYuCm9.HFtHr3X0.Z3VIKuHTskUdaCr7xy', NULL, '', 'Kantiyani', NULL, 'M', NULL, NULL, 1, 1, 1, 1);


INSERT INTO `tbl_oauth_user_position` (`user_id`, `position_id`, `organization_id`)
VALUES
	(1000001, 2, 2008628921432),
	(1000002, 2, 2008628921432),
	(1000003, 2, 2008628921432),
	(1000004, 2, 2008628921432),
	(1000005, 2, 2008628921432),
	(1000006, 2, 2008628921432),
	(1000007, 2, 2008628921432),
	(1000008, 2, 2008628921432),
	(1000009, 2, 2008628921432),
	(1000010, 2, 2008628921432),
	(1000011, 2, 2008628921432),
	(1000012, 2, 2008628921432),
	(1000013, 2, 2008628921432),
	(1000014, 2, 2008628921432),
	(1000015, 2, 2008628921432),
	(1000016, 2, 2008628921432),
	(1000017, 2, 2008628921432),
	(1000018, 2, 2008628921432),
	(1000019, 2, 2008628921432),
	(1000020, 2, 2008628921432),
	(1000021, 2, 2008628921432),
	(1000022, 2, 2008628921432),
	(1000023, 2, 2008628921432),
	(1000024, 2, 2008628921432),
	(1000025, 2, 2008628921432),
	(1000026, 2, 2008628921432),
	(1000027, 2, 2008628921432),
	(1000028, 2, 2008628921432),
	(1000029, 2, 2008628921432),
	(1000030, 2, 2008628921432),
	(1000031, 2, 2008628921432),
	(1000032, 2, 2008628921432),
	(1000033, 2, 2008628921432),
	(1000034, 2, 2008628921432),
	(1000035, 2, 2008628921432),
	(1000036, 2, 2008628921432),
	(1000037, 2, 2008628921432),
	(1000038, 2, 2008628921432),
	(1000039, 2, 2008628921432),
	(1000040, 2, 2008628921432),
	(1000041, 2, 2008628921432),
	(1000042, 2, 2008628921432),
	(1000043, 2, 2008628921432),
	(1000044, 2, 2008628921432),
	(1000045, 2, 2008628921432),
	(1000046, 2, 2008628921432),
	(1000047, 2, 2008628921432),
	(1000048, 2, 2008628921432),
	(1000049, 2, 2008628921432),
	(1000050, 2, 2008628921432),
	(1000051, 2, 2008628921432),
	(1000052, 2, 2008628921432),
	(1000053, 2, 2008628921432),
	(1000054, 2, 2008628921432),
	(1000055, 2, 2008628921432),
	(1000056, 2, 2008628921432),
	(1000057, 2, 2008628921432),
	(1000058, 2, 2008628921432),
	(1000059, 2, 2008628921432),
	(1000060, 2, 2008628921432),
	(1000061, 2, 2008628921432),
	(1000062, 2, 2008628921432),
	(1000063, 2, 2008628921432),
	(1000064, 2, 2008628921432),
	(1000065, 2, 2008628921432),
	(1000066, 2, 2008628921432),
	(1000067, 2, 2008628921432),
	(1000068, 2, 2008628921432),
	(1000069, 2, 2008628921432),
	(1000070, 2, 2008628921432),
	(1000071, 2, 2008628921432),
	(1000072, 2, 2008628921432),
	(1000073, 2, 2008628921432),
	(1000074, 2, 2008628921432),
	(1000075, 2, 2008628921432),
	(1000076, 2, 2008628921432),
	(1000077, 2, 2008628921432),
	(1000078, 2, 2008628921432),
	(1000079, 2, 2008628921432),
	(1000080, 2, 2008628921432),
	(1000081, 2, 2008628921432),
	(1000082, 2, 2008628921432),
	(1000083, 2, 2008628921432),
	(1000084, 2, 2008628921432),
	(1000085, 2, 2008628921432),
	(1000086, 2, 2008628921432),
	(1000087, 2, 2008628921432),
	(1000088, 2, 2008628921432),
	(1000089, 2, 2008628921432),
	(1000090, 2, 2008628921432),
	(1000091, 2, 2008628921432),
	(1000092, 2, 2008628921432),
	(1000093, 2, 2008628921432),
	(1000094, 2, 2008628921432),
	(1000095, 2, 2008628921432),
	(1000096, 2, 2008628921432),
	(1000097, 2, 2008628921432),
	(1000098, 2, 2008628921432),
	(1000099, 2, 2008628921432),
	(1000100, 2, 2008628921432),
	(1000101, 2, 2008628921432),
	(1000102, 2, 2008628921432),
	(1000103, 2, 2008628921432),
	(1000104, 2, 2008628921432),
	(1000105, 2, 2008628921432),
	(1000106, 2, 2008628921432),
	(1000107, 2, 2008628921432),
	(1000108, 2, 2008628921432),
	(1000109, 2, 2008628921432),
	(1000110, 2, 2008628921432),
	(1000111, 2, 2008628921432),
	(1000112, 2, 2008628921432),
	(1000113, 2, 2008628921432),
	(1000114, 2, 2008628921432),
	(1000115, 2, 2008628921432),
	(1000116, 2, 2008628921432),
	(1000117, 2, 2008628921432),
	(1000118, 2, 2008628921432),
	(1000119, 2, 2008628921432),
	(1000120, 2, 2008628921432),
	(1000121, 2, 2008628921432),
	(1000122, 2, 2008628921432),
	(1000123, 2, 2008628921432),
	(1000124, 2, 2008628921432),
	(1000125, 2, 2008628921432),
	(1000126, 2, 2008628921432),
	(1000127, 2, 2008628921432),
	(1000128, 2, 2008628921432),
	(1000129, 2, 2008628921432),
	(1000130, 2, 2008628921432),
	(1000131, 2, 2008628921432),
	(1000132, 2, 2008628921432),
	(1000133, 2, 2008628921432),
	(1000134, 2, 2008628921432),
	(1000135, 2, 2008628921432),
	(1000136, 2, 2008628921432),
	(1000137, 2, 2008628921432),
	(1000138, 2, 2008628921432),
	(1000139, 2, 2008628921432),
	(1000140, 2, 2008628921432),
	(1000141, 2, 2008628921432),
	(1000142, 2, 2008628921432),
	(1000143, 2, 2008628921432),
	(1000144, 2, 2008628921432),
	(1000145, 2, 2008628921432),
	(1000146, 2, 2008628921432),
	(1000147, 2, 2008628921432),
	(1000148, 2, 2008628921432),
	(1000149, 2, 2008628921432),
	(1000150, 2, 2008628921432),
	(1000151, 2, 2008628921432),
	(1000152, 2, 2008628921432),
	(1000153, 2, 2008628921432),
	(1000154, 2, 2008628921432),
	(1000155, 2, 2008628921432),
	(1000156, 2, 2008628921432),
	(1000157, 2, 2008628921432),
	(1000158, 2, 2008628921432),
	(1000159, 2, 2008628921432),
	(1000160, 2, 2008628921432),
	(1000161, 2, 2008628921432),
	(1000162, 2, 2008628921432),
	(1000163, 2, 2008628921432),
	(1000164, 2, 2008628921432),
	(1000165, 2, 2008628921432),
	(1000166, 2, 2008628921432),
	(1000167, 2, 2008628921432),
	(1000168, 2, 2008628921432),
	(1000169, 2, 2008628921432),
	(1000170, 2, 2008628921432),
	(1000171, 2, 2008628921432),
	(1000172, 2, 2008628921432),
	(1000173, 2, 2008628921432),
	(1000174, 2, 2008628921432),
	(1000175, 2, 2008628921432),
	(1000176, 2, 2008628921432),
	(1000177, 2, 2008628921432),
	(1000178, 2, 2008628921432),
	(1000179, 2, 2008628921432),
	(1000180, 2, 2008628921432),
	(1000181, 2, 2008628921432),
	(1000182, 2, 2008628921432),
	(1000183, 2, 2008628921432),
	(1000184, 2, 2008628921432),
	(1000185, 2, 2008628921432),
	(1000186, 2, 2008628921432),
	(1000187, 2, 2008628921432),
	(1000188, 2, 2008628921432),
	(1000189, 2, 2008628921432),
	(1000190, 2, 2008628921432),
	(1000191, 2, 2008628921432),
	(1000192, 2, 2008628921432),
	(1000193, 2, 2008628921432),
	(1000194, 2, 2008628921432),
	(1000195, 2, 2008628921432),
	(1000196, 2, 2008628921432),
	(1000197, 2, 2008628921432),
	(1000198, 2, 2008628921432),
	(1000199, 2, 2008628921432),
	(1000200, 2, 2008628921432),
	(1000201, 2, 2008628921432),
	(1000202, 2, 2008628921432),
	(1000203, 2, 2008628921432),
	(1000204, 2, 2008628921432),
	(1000205, 2, 2008628921432),
	(1000206, 2, 2008628921432),
	(1000207, 2, 2008628921432),
	(1000208, 2, 2008628921432),
	(1000209, 2, 2008628921432),
	(1000210, 2, 2008628921432),
	(1000211, 2, 2008628921432),
	(1000212, 2, 2008628921432),
	(1000213, 2, 2008628921432),
	(1000214, 2, 2008628921432),
	(1000215, 2, 2008628921432),
	(1000216, 2, 2008628921432),
	(1000217, 2, 2008628921432),
	(1000218, 2, 2008628921432),
	(1000219, 2, 2008628921432),
	(1000220, 2, 2008628921432),
	(1000221, 2, 2008628921432),
	(1000222, 2, 2008628921432),
	(1000223, 2, 2008628921432),
	(1000224, 2, 2008628921432),
	(1000225, 2, 2008628921432),
	(1000226, 2, 2008628921432),
	(1000227, 2, 2008628921432),
	(1000228, 2, 2008628921432),
	(1000229, 2, 2008628921432),
	(1000230, 2, 2008628921432),
	(1000231, 2, 2008628921432),
	(1000232, 2, 2008628921432),
	(1000233, 2, 2008628921432),
	(1000234, 2, 2008628921432),
	(1000235, 2, 2008628921432),
	(1499851133265, 1, 2008628921432);
	
	
	INSERT INTO `tbl_unit_kerja_user` (`unit_kerja_id`, `user_id`)
VALUES
	(6, 1000001),
	(10, 1000002),
	(10, 1000003),
	(10, 1000004),
	(10, 1000005),
	(10, 1000006),
	(10, 1000007),
	(10, 1000008),
	(10, 1000009),
	(10, 1000010),
	(10, 1000011),
	(10, 1000012),
	(10, 1000013),
	(10, 1000014),
	(11, 1000015),
	(11, 1000016),
	(11, 1000017),
	(11, 1000018),
	(11, 1000019),
	(11, 1000020),
	(11, 1000021),
	(11, 1000022),
	(11, 1000023),
	(11, 1000024),
	(11, 1000025),
	(11, 1000026),
	(11, 1000027),
	(9, 1000028),
	(9, 1000029),
	(9, 1000030),
	(9, 1000031),
	(9, 1000032),
	(9, 1000033),
	(9, 1000034),
	(9, 1000035),
	(9, 1000036),
	(9, 1000037),
	(9, 1000038),
	(9, 1000039),
	(9, 1000040),
	(8, 1000041),
	(8, 1000042),
	(8, 1000043),
	(8, 1000044),
	(8, 1000045),
	(8, 1000046),
	(8, 1000047),
	(8, 1000048),
	(8, 1000049),
	(8, 1000050),
	(8, 1000051),
	(8, 1000052),
	(8, 1000053),
	(8, 1000054),
	(8, 1000055),
	(8, 1000056),
	(8, 1000057),
	(8, 1000058),
	(8, 1000059),
	(8, 1000060),
	(8, 1000061),
	(8, 1000062),
	(8, 1000063),
	(8, 1000064),
	(8, 1000065),
	(8, 1000066),
	(8, 1000067),
	(8, 1000068),
	(8, 1000069),
	(8, 1000070),
	(8, 1000071),
	(8, 1000072),
	(8, 1000073),
	(8, 1000074),
	(8, 1000075),
	(8, 1000076),
	(8, 1000077),
	(1, 1000078),
	(1, 1000079),
	(1, 1000080),
	(1, 1000081),
	(1, 1000082),
	(1, 1000083),
	(1, 1000084),
	(1, 1000085),
	(1, 1000086),
	(1, 1000087),
	(1, 1000088),
	(1, 1000089),
	(1, 1000090),
	(1, 1000091),
	(1, 1000092),
	(1, 1000093),
	(1, 1000094),
	(1, 1000095),
	(1, 1000096),
	(1, 1000097),
	(1, 1000098),
	(1, 1000099),
	(1, 1000100),
	(1, 1000101),
	(1, 1000102),
	(1, 1000103),
	(1, 1000104),
	(1, 1000105),
	(1, 1000106),
	(1, 1000107),
	(1, 1000108),
	(1, 1000109),
	(1, 1000110),
	(1, 1000111),
	(1, 1000112),
	(2, 1000113),
	(2, 1000114),
	(2, 1000115),
	(2, 1000116),
	(2, 1000117),
	(2, 1000118),
	(2, 1000119),
	(2, 1000120),
	(2, 1000121),
	(2, 1000122),
	(2, 1000123),
	(2, 1000124),
	(2, 1000125),
	(2, 1000126),
	(2, 1000127),
	(2, 1000128),
	(2, 1000129),
	(2, 1000130),
	(2, 1000131),
	(2, 1000132),
	(2, 1000133),
	(2, 1000134),
	(2, 1000135),
	(2, 1000136),
	(2, 1000137),
	(2, 1000138),
	(2, 1000139),
	(2, 1000140),
	(2, 1000141),
	(3, 1000142),
	(3, 1000143),
	(3, 1000144),
	(3, 1000145),
	(3, 1000146),
	(3, 1000147),
	(3, 1000148),
	(3, 1000149),
	(3, 1000150),
	(3, 1000151),
	(3, 1000152),
	(3, 1000153),
	(3, 1000154),
	(3, 1000155),
	(3, 1000156),
	(3, 1000157),
	(3, 1000158),
	(3, 1000159),
	(3, 1000160),
	(3, 1000161),
	(3, 1000162),
	(3, 1000163),
	(3, 1000164),
	(3, 1000165),
	(3, 1000166),
	(3, 1000167),
	(3, 1000168),
	(3, 1000169),
	(3, 1000170),
	(3, 1000171),
	(3, 1000172),
	(3, 1000173),
	(3, 1000174),
	(4, 1000175),
	(4, 1000176),
	(4, 1000177),
	(4, 1000178),
	(4, 1000179),
	(4, 1000180),
	(4, 1000181),
	(4, 1000182),
	(4, 1000183),
	(4, 1000184),
	(4, 1000185),
	(4, 1000186),
	(4, 1000187),
	(4, 1000188),
	(4, 1000189),
	(4, 1000190),
	(4, 1000191),
	(4, 1000192),
	(4, 1000193),
	(4, 1000194),
	(4, 1000195),
	(4, 1000196),
	(4, 1000197),
	(4, 1000198),
	(4, 1000199),
	(4, 1000200),
	(4, 1000201),
	(4, 1000202),
	(4, 1000203),
	(4, 1000204),
	(5, 1000205),
	(5, 1000206),
	(5, 1000207),
	(5, 1000208),
	(5, 1000209),
	(5, 1000210),
	(5, 1000211),
	(5, 1000212),
	(5, 1000213),
	(5, 1000214),
	(5, 1000215),
	(5, 1000216),
	(5, 1000217),
	(5, 1000218),
	(5, 1000219),
	(5, 1000220),
	(5, 1000221),
	(5, 1000222),
	(5, 1000223),
	(5, 1000224),
	(5, 1000225),
	(5, 1000226),
	(5, 1000227),
	(5, 1000228),
	(5, 1000229),
	(5, 1000230),
	(5, 1000231),
	(5, 1000232),
	(5, 1000233),
	(5, 1000234),
	(5, 1000235);
	
